content,label
http://www.dcsgov-pretoria.org  ,0
https://www.documentromanesc.com ,0
https://www.premiumaquariumfishes.com ,0
https://www.mac-hackers.com ,0
http://www.chinawuyi.org ,0
https://www.flexukcenter.com ,0
https://www.realgoblaldocuments.com ,0
https://www.bulkliquidationstore.com,0
https://www.pacisystrading.com ,0
https://www.trglobaltd.com,0
http://www.baymarttactical.co.za ,0
https://www.finance-ministers.com ,0
https://www.cd-license.org ,0
https://www.documentsinternationalonline.com ,0
https://www.cipherfinancebankplc.com ,0
http://www.watchwaveau.com ,0
https://www.xn--registrerasvensktkrkort-plc.com,0
http://www.nalethutrading.co.za,0
http://www.mmaswicorporate.co.za,0
https://www.hrmsglobal.org,0
https://www.hsbcbsaturkey.com,0
https://www.documentsprovider.com,0
https://www.dirtypawscattery.wixsite.com ,0
https://www.professionaldriverslicensegermany.com,0
https://www.dinariusbizfinance.co.za ,0
https://www.explicit-documents.com ,0
https://www.disnepkennelshome.co.za,0
https://www.buyqualitydocuments.com,0
https://www.dalq-logistics.com ,0
https://genuineregistereddocuments.com ,0
https://www.namaqualandlivestock.com ,0
https://www.portssolutions.com.au ,0
https://www.lukasminiteacups.com ,0
http://www.afobagroup.com ,0
https://www.africanaculturalartsmuseum.com ,0
https://www.bengaleopards.com ,0
https://www.badixmarine.com ,0
https://www.claritymininggroup.com,0
https://www.weilongspzoo.com,0
https://www.supremepetmovers-au.com,0
https://www.officialdocumentz.com ,0
https://www.globalnotesonline.com,0
https://www.alriggainvestments.com,0
https://www.alriggainvestments.com ,0
https://www.culvertruckingllc.com,0
https://www.demondbackfirearms.com,0
https://www.satoiletpapers.com,0
https://www.fancypassportandcurrencies.com,0
https://www.google.ro,1
https://www.youtube.com,1
https://medium.com ,1
https://elearning.vector.com,1
https://www.codingame.com,1
https://filelist.io,1
https://www.tradingview.com,1
https://coinmarketcap.com,1
https://alternative.me,1
https://edition.cnn.com,1
https://www.coinglass.com ,1
https://www.forexfactory.com,1
https://www.linkedin.com ,1
https://www.amazon.com ,1
https://www.olx.ro ,1
https://www.facebook.com ,1
 https://www.chess.com/,1
https://discord.com/,1
